source,target
0,1
0,2
0,3
0,4
0,5
0,6
0,8
0,19
0,20
0,22
0,29
0,33
0,48
0,50
0,53
0,56
0,61
0,137
0,155
0,158
0,167
0,172
0,186
0,187
0,189
0,190
0,320
0,345
0,360
0,375
0,180
0,102
1,2
1,3
1,4
1,5
1,6
1,7
1,10
1,12
1,13
1,15
1,16
1,19
1,22
1,25
1,27
1,28
1,31
1,33
1,34
1,35
1,38
1,54
1,62
1,65
1,66
1,71
1,94
1,103
1,108
1,111
1,118
1,120
1,128
1,133
1,155
1,172
1,190
1,194
1,223
1,228
1,232
1,258
1,262
1,278
1,286
1,287
1,297
1,310
1,318
1,352
1,199
1,69
1,284
2,3
2,4
2,5
2,6
2,10
2,11
2,12
2,13
2,14
2,15
2,18
2,19
2,21
2,23
2,24
2,28
2,35
2,38
2,43
2,44
2,46
2,52
2,53
2,55
2,56
2,58
2,70
2,73
2,78
2,83
2,100
2,106
2,108
2,109
2,114
2,116
2,117
2,121
2,122
2,124
2,125
2,152
2,160
2,163
2,165
2,168
2,176
2,189
2,197
2,199
2,206
2,218
2,227
2,234
2,249
2,258
2,262
2,271
2,289
2,290
2,297
2,337
2,348
2,364
2,376
2,377
2,27
2,80
3,4
3,6
3,7
3,8
3,9
3,11
3,12
3,20
3,29
3,37
3,39
3,42
3,46
3,66
3,68
3,70
3,71
3,72
3,80
3,81
3,85
3,86
3,87
3,105
3,115
3,116
3,117
3,121
3,123
3,134
3,138
3,139
3,149
3,150
3,157
3,164
3,170
3,197
3,210
3,217
3,229
3,242
3,269
3,298
3,302
3,326
3,337
3,339
3,365
3,296
3,97
4,5
4,7
4,8
4,9
4,10
4,11
4,12
4,14
4,15
4,16
4,17
4,21
4,22
4,24
4,26
4,29
4,30
4,31
4,41
4,47
4,51
4,54
4,55
4,56
4,58
4,59
4,60
4,63
4,64
4,72
4,75
4,77
4,82
4,89
4,90
4,92
4,93
4,104
4,115
4,126
4,140
4,141
4,153
4,154
4,157
4,184
4,187
4,191
4,198
4,200
4,205
4,206
4,209
4,213
4,245
4,247
4,251
4,257
4,259
4,263
4,272
4,276
4,283
4,304
4,305
4,313
4,314
4,326
4,334
4,349
4,351
4,368
4,332
4,45
5,7
5,8
5,13
5,15
5,17
5,26
5,28
5,30
5,31
5,32
5,36
5,39
5,48
5,53
5,57
5,65
5,73
5,74
5,109
5,111
5,127
5,130
5,154
5,162
5,165
5,184
5,203
5,207
5,217
5,220
5,232
5,234
5,242
5,243
5,256
5,259
5,277
5,289
5,293
5,340
5,44
5,221
5,250
6,9
6,11
6,20
6,23
6,34
6,37
6,38
6,39
6,43
6,73
6,83
6,89
6,97
6,112
6,115
6,122
6,133
6,183
6,187
6,189
6,194
6,200
6,210
6,226
6,230
6,240
6,246
6,267
6,285
6,316
6,342
6,47
7,10
7,13
7,21
7,42
7,59
7,62
7,89
7,105
7,111
7,126
7,138
7,142
7,143
7,211
7,217
7,219
8,9
8,14
8,17
8,22
8,25
8,32
8,40
8,47
8,50
8,59
8,61
8,69
8,71
8,101
8,102
8,118
8,120
8,126
8,129
8,131
8,137
8,139
8,171
8,178
8,188
8,204
8,235
8,237
8,245
8,299
8,327
8,357
9,18
9,23
9,37
9,46
9,112
9,129
9,150
9,151
9,226
9,241
9,279
9,296
9,357
9,154
9,66
10,18
10,21
10,124
10,224
10,278
10,307
11,14
11,16
11,37
11,38
11,39
11,42
11,43
11,57
11,91
11,92
11,104
11,140
11,148
11,151
11,175
11,209
11,230
11,253
11,274
11,348
11,359
11,369
11,103
12,20
12,25
12,29
12,35
12,58
12,62
12,63
12,68
12,78
12,86
12,103
12,108
12,122
12,199
12,211
12,263
12,297
12,303
12,320
12,321
12,332
12,344
12,370
12,19
13,17
13,18
13,26
13,31
13,44
13,67
13,70
13,77
13,95
13,142
13,177
13,203
13,217
13,219
13,250
13,268
13,276
13,283
13,315
13,199
13,126
14,16
14,27
14,41
14,43
14,45
14,49
14,64
14,76
14,81
14,86
14,97
14,105
14,106
14,116
14,119
14,133
14,135
14,149
14,150
14,151
14,174
14,176
14,201
14,218
14,270
14,324
14,382
14,331
15,26
15,51
15,52
15,70
15,114
15,128
15,147
15,160
15,184
15,205
15,366
15,90
15,78
15,75
15,194
15,32
15,218
16,19
16,24
16,27
16,45
16,76
16,106
16,367
16,82
16,25
17,30
17,36
17,47
17,72
17,74
17,82
17,93
17,99
17,123
17,178
17,219
17,237
17,280
17,298
17,376
17,181
17,349
18,28
18,59
18,67
18,69
18,107
18,241
18,309
18,315
18,361
19,33
19,65
19,66
19,157
19,158
19,169
19,210
19,286
19,29
20,23
20,25
20,27
20,52
20,61
20,62
20,73
20,80
20,143
20,211
20,214
20,229
20,372
21,24
21,72
21,89
21,108
21,161
21,247
21,334
22,32
22,40
22,50
22,54
22,63
22,69
22,101
22,118
22,131
22,245
22,327
22,333
22,345
22,371
22,75
22,261
22,308
22,206
23,53
23,61
23,112
23,215
23,227
23,312
23,325
23,357
23,372
23,83
23,368
24,41
24,106
24,141
24,225
24,238
24,152
24,289
24,153
25,66
25,103
25,118
25,124
25,237
25,279
25,319
25,320
25,383
25,235
26,36
26,44
26,51
26,77
26,95
26,159
26,198
26,214
26,243
26,251
26,259
26,305
26,347
26,352
26,43
26,323
27,35
27,80
27,81
27,262
27,214
27,69
28,67
28,74
28,107
28,218
28,248
28,274
28,278
28,309
28,313
28,379
28,381
29,33
29,58
29,64
29,79
29,86
29,115
29,158
29,202
29,276
29,344
29,305
30,32
30,55
30,87
30,220
30,221
30,260
30,272
30,257
31,34
31,36
31,41
31,45
31,49
31,57
31,60
31,100
31,144
31,146
31,148
31,162
31,167
31,257
31,284
31,300
31,323
31,349
31,378
32,40
32,48
32,50
32,88
32,148
32,293
32,308
32,321
32,327
32,338
32,259
33,65
33,79
33,158
33,169
33,202
34,49
34,79
34,84
34,98
34,114
34,120
34,144
34,162
34,167
34,179
34,223
34,244
34,268
34,284
34,326
35,47
35,78
35,82
35,262
35,299
35,328
35,354
35,178
35,152
36,48
36,49
36,57
36,95
36,99
36,104
36,110
36,130
36,159
36,253
36,280
36,374
36,77
37,42
37,44
37,129
37,233
37,347
37,104
38,52
38,195
38,246
38,294
38,348
38,364
39,40
39,80
39,101
39,123
39,170
39,222
39,249
39,335
39,365
39,316
39,77
40,87
40,88
40,102
40,180
40,191
40,220
40,224
40,255
40,321
40,353
40,131
41,119
41,146
41,153
41,175
41,238
41,336
41,378
42,68
42,91
42,111
42,233
42,332
43,45
43,60
43,97
44,46
44,67
44,95
44,125
44,151
44,188
44,233
44,271
44,280
44,347
45,60
45,76
45,105
45,135
46,55
46,296
46,326
47,94
47,113
47,178
47,187
47,204
47,246
47,299
47,328
47,354
47,82
48,56
48,84
48,88
48,96
48,104
48,110
48,119
48,132
48,174
48,239
48,306
48,375
48,184
48,189
49,76
49,79
49,99
49,100
49,181
49,192
49,272
49,359
49,384
50,69
50,356
51,314
51,54
52,176
52,195
52,366
53,186
53,189
53,215
53,218
53,312
53,325
53,358
54,245
55,63
55,75
55,136
55,145
55,161
55,185
55,193
55,272
55,304
55,371
56,75
56,90
56,96
56,127
56,173
56,175
56,200
56,213
58,77
58,100
58,117
58,124
58,154
58,163
58,177
58,321
58,364
59,64
59,92
59,183
59,361
59,119
60,94
60,146
60,185
60,246
60,267
60,305
60,378
61,143
61,215
61,224
61,240
61,264
61,316
61,117
62,174
62,186
62,201
62,370
63,78
63,90
63,136
63,145
63,193
63,209
63,351
63,371
63,89
64,92
64,263
64,324
64,369
65,109
65,112
65,127
65,166
65,286
65,352
65,356
65,182
66,68
66,85
66,94
66,103
66,113
66,128
66,133
66,164
66,194
66,214
66,266
66,287
66,288
66,300
66,317
66,319
66,330
67,107
67,188
67,229
67,233
68,85
68,113
68,233
68,266
68,320
68,380
69,101
69,171
69,270
69,275
69,333
69,356
69,361
70,71
70,134
70,142
70,183
70,329
70,366
71,137
71,232
71,235
71,269
71,282
71,317
72,74
72,75
72,93
72,123
72,130
72,161
72,219
72,231
72,334
72,374
73,126
73,163
73,197
73,203
73,289
73,306
73,293
74,130
74,220
74,260
74,313
74,374
75,90
75,161
75,304
75,219
76,83
76,367
77,82
77,153
77,177
77,198
77,251
77,339
78,83
78,114
78,125
78,136
78,145
78,147
78,152
78,193
78,277
78,314
79,117
79,181
79,202
79,208
79,292
79,384
79,272
80,81
80,84
80,98
80,234
80,346
80,171
81,141
81,168
81,119
82,93
82,177
82,328
82,339
82,251
82,259
83,376
83,154
84,88
84,98
84,306
84,144
85,121
85,170
85,287
85,317
86,87
86,97
86,116
86,134
86,281
86,150
86,269
87,149
88,96
88,148
88,156
88,180
88,256
88,104
89,211
89,257
90,96
90,145
90,213
90,247
90,254
90,291
90,304
90,340
91,185
92,183
92,200
92,205
92,369
92,274
94,113
94,185
94,244
94,264
94,267
94,319
95,99
95,243
95,315
95,301
96,156
96,213
96,254
97,109
98,144
99,110
99,144
99,181
99,212
100,121
100,193
101,122
101,222
101,249
101,303
101,330
101,308
102,191
102,322
102,296
103,150
103,228
103,266
103,288
103,295
103,297
103,319
103,383
104,132
104,140
104,159
104,196
104,206
104,212
104,253
104,375
105,201
105,303
105,362
106,225
106,253
106,268
107,309
107,346
107,381
107,132
108,247
108,263
109,127
109,173
109,227
110,128
110,212
110,216
110,240
110,280
110,350
110,351
110,363
110,119
110,219
111,203
111,322
112,226
113,185
113,244
113,299
113,354
114,120
114,147
114,152
114,160
114,179
114,205
114,249
114,255
114,258
114,268
114,341
114,326
115,129
115,131
115,134
115,276
115,362
116,135
116,138
116,149
116,281
116,302
116,305
116,337
116,365
116,139
117,139
117,292
118,171
118,235
118,327
119,132
119,141
119,174
119,239
120,147
120,155
120,160
120,223
120,248
120,150
121,168
121,228
121,269
121,290
121,300
122,125
122,199
122,222
122,230
122,258
122,273
122,303
122,336
122,353
122,380
123,159
123,170
123,196
123,222
123,285
123,335
123,342
125,142
125,208
125,214
125,252
125,277
125,292
125,294
125,314
125,271
126,223
126,291
126,313
126,314
126,340
127,166
127,173
127,182
127,269
128,164
128,216
128,270
128,350
128,363
129,131
129,294
130,235
130,242
130,256
130,374
132,239
132,288
132,338
132,375
133,286
133,324
134,337
134,365
134,376
134,284
135,138
135,335
136,193
136,168
136,145
137,245
141,168
141,186
141,237
141,238
141,358
142,143
142,172
142,252
142,283
142,329
142,159
143,172
143,229
143,240
143,304
144,162
144,179
144,349
146,175
147,155
147,179
147,294
148,156
148,180
148,225
148,256
148,274
148,346
150,279
150,295
150,311
150,383
151,231
151,296
151,333
151,345
151,359
152,255
152,358
153,157
153,184
154,207
155,165
155,166
155,190
155,248
156,180
156,225
156,283
156,367
157,210
157,241
158,167
158,169
158,360
159,196
159,212
160,255
160,265
160,341
160,377
163,227
164,194
164,339
164,363
165,166
165,182
165,207
165,234
166,182
166,248
167,355
167,360
168,238
168,290
168,343
169,195
169,171
170,196
170,298
170,335
173,231
174,201
174,204
174,239
176,195
176,236
176,382
177,287
179,192
179,285
181,202
183,282
184,207
184,243
185,244
186,284
186,302
186,355
186,358
190,198
191,322
192,360
193,371
194,230
195,236
195,384
196,224
196,264
197,206
197,242
199,271
199,336
200,369
201,204
202,208
202,292
203,289
203,291
206,249
206,373
207,293
207,338
208,383
209,351
210,298
210,372
210,342
212,265
213,254
214,266
215,281
215,312
215,325
215,372
217,232
217,250
217,315
220,221
220,260
222,230
223,291
224,264
224,273
224,307
226,295
226,332
226,341
227,312
227,331
229,261
229,377
230,275
230,380
231,359
231,333
232,260
232,310
236,382
236,365
238,343
240,350
241,315
242,259
242,267
243,277
243,301
243,347
244,265
246,328
246,348
247,334
248,379
249,330
249,373
250,315
252,283
254,352
255,265
257,323
258,273
262,329
264,307
265,341
265,363
266,295
266,311
267,309
269,282
270,275
270,356
273,307
273,353
274,379
274,348
275,356
275,285
276,318
276,344
276,368
277,301
277,308
279,311
280,350
281,325
281,305
283,362
284,358
285,342
286,346
286,297
287,300
287,317
287,318
289,290
290,343
291,340
293,338
295,311
298,318
300,323
303,330
303,373
307,333
307,353
309,381
310,337
312,331
321,370
323,377
328,354
330,373
332,370
333,345
336,380
344,368
348,364
