run,t,n_meat,n_adopted,n_pos,adopt_pr2_psych,amp_r2_psych,adopt_pr2_topo,amp_r2_topo,adopt_pr2_full,amp_r2_full,ratio_psych,ratio_topo,ratio_full,amp_coef_degree,amp_sig_degree,ado_coef_degree,ado_sig_degree,amp_rho_degree,amp_rho_sig_degree,ado_rpb_degree,ado_rpb_sig_degree,amp_coef_betweenness,amp_sig_betweenness,ado_coef_betweenness,ado_sig_betweenness,amp_rho_betweenness,amp_rho_sig_betweenness,ado_rpb_betweenness,ado_rpb_sig_betweenness,amp_coef_eigenvector,amp_sig_eigenvector,ado_coef_eigenvector,ado_sig_eigenvector,amp_rho_eigenvector,amp_rho_sig_eigenvector,ado_rpb_eigenvector,ado_rpb_sig_eigenvector,amp_coef_clustering,amp_sig_clustering,ado_coef_clustering,ado_sig_clustering,amp_rho_clustering,amp_rho_sig_clustering,ado_rpb_clustering,ado_rpb_sig_clustering,amp_coef_complex_cent,amp_sig_complex_cent,ado_coef_complex_cent,ado_sig_complex_cent,amp_rho_complex_cent,amp_rho_sig_complex_cent,ado_rpb_complex_cent,ado_rpb_sig_complex_cent,amp_coef_rho,amp_sig_rho,ado_coef_rho,ado_sig_rho,amp_rho_rho,amp_rho_sig_rho,ado_rpb_rho,ado_rpb_sig_rho,amp_coef_alpha,amp_sig_alpha,ado_coef_alpha,ado_sig_alpha,amp_rho_alpha,amp_rho_sig_alpha,ado_rpb_alpha,ado_rpb_sig_alpha,amp_coef_theta,amp_sig_theta,ado_coef_theta,ado_sig_theta,amp_rho_theta,amp_rho_sig_theta,ado_rpb_theta,ado_rpb_sig_theta,n_isolated_with_credit,b,b_lo,b_hi,b_sublinear,b_superlinear
0,310000,1880,1371,1751,0.0660234393674246,0.0221549544761074,0.0041671165920958,0.3734877568679028,0.0693630499917549,0.3898494995064906,0.3355619563048476,89.6273834949391,5.620420375874929,1.369357994535355,True,-0.1549083050718151,False,0.6080509963680392,True,0.0115337004980956,False,-0.9099724357718196,True,0.0232536319962566,False,0.5411797471118507,True,0.0213912926199329,False,0.0411553959929533,False,0.2196148608586721,False,0.3374104481531939,True,0.0366900239047963,False,-0.1480347104078704,True,0.0974379060285667,False,-0.4614358934653159,True,0.0260385361559529,False,0.0663282619133121,True,-0.0467822648149492,False,-0.2881991437745523,True,-0.0236005186253927,False,0.0312405693034664,False,0.3043271749976909,True,0.0778409744392086,True,0.1738658720042487,True,0.0970464240646617,True,-0.3256141855078776,True,0.1275351682025254,True,-0.1131878715221451,True,0.0974648883978591,True,0.4275504499709148,True,0.0930566134366322,True,0.2111084035904681,True,0,1.2042408695684037,1.1339922063083336,1.2744895328284738,False,True
1,310000,1880,1382,1740,0.0633781286576468,0.0309310563704834,0.0018174645388081,0.3779038982486916,0.0644072240178869,0.4023224216695333,0.4880399125945396,207.92917285556,6.246541871728582,1.4795564225516875,True,-0.0374541338181291,False,0.6339028756492102,True,0.0257373618832341,False,-0.922903328872012,True,-0.0301168391668679,False,0.5705618136727374,True,0.018721910594157,False,-0.0856892228489369,False,0.1032005281625285,False,0.3507414723794276,True,0.0314225864770903,False,-0.1465648659008935,True,-0.0483082925282576,False,-0.4662482185586126,True,-0.0360057339542996,False,0.0499416798266251,False,-0.010173558299067,False,-0.3044619195303129,True,-0.027452746149455,False,0.0489007166674273,True,0.3511563586721729,True,0.0957159058301758,True,0.1843063171602248,True,0.1351155121730938,True,-0.3551851301429164,True,0.1408897198953115,True,-0.1247395951272905,True,0.0928759397129805,True,0.350414400281863,True,0.1057132146535215,True,0.180954200205142,True,2,1.2015096445136753,1.1312220095843473,1.2717972794430032,False,True
2,310000,1880,1363,1748,0.0659928083854102,0.0337222368283935,0.0013274400087284,0.341661979778208,0.0668526218734141,0.3663623996472183,0.5109986626338053,257.3841209633967,5.480150058152213,1.40103626986685,True,0.1074792532959577,False,0.5815249251697338,True,0.0265647415487334,False,-0.8339668245913776,True,-0.0382597990993226,False,0.5074367537877016,True,0.020770060588675,False,-0.0972425234385145,False,-0.020075003815126,False,0.3061628751547707,True,0.0157118125009122,False,-0.1213970297400141,True,-0.0166593149578587,False,-0.4276174267672289,True,-0.010623142471535,False,0.0333430690572832,False,0.0565238754068765,False,-0.2743987096499947,True,0.0173630778812579,False,0.096830332233466,True,0.3027360075761101,True,0.1451815315626806,True,0.1727188405372538,True,0.0767933302615435,True,-0.3684999085349564,True,0.1173830186629517,True,-0.126956768036654,True,0.1129860688245328,True,0.4063834917474518,True,0.1218085351185348,True,0.2018553943426371,True,0,1.186127275726664,1.11351465290799,1.2587398985453382,False,True
3,310000,1880,1370,1735,0.084081531057363,0.0254373484429887,0.0019872220752744,0.3279895781893168,0.0874789396352863,0.3492941024471822,0.3025319368368134,165.04928275015098,3.9928936484992295,1.4391255612145828,True,-0.352760609389071,False,0.6144238585113738,True,0.0253166776402312,False,-0.9011458220742062,True,0.1513643906181863,False,0.5490634018651639,True,0.0298760594190613,False,-0.0422308603989993,False,0.3011796618233281,True,0.3297213815776927,True,0.037920021123392,False,-0.1615738836690512,True,-0.0610368984934324,False,-0.4489869522506116,True,-0.015068911223219,False,0.1190302945163471,True,0.0277506910770587,False,-0.2783326579637289,True,-0.020488712075052,False,0.0848879114089166,True,0.4221796610975247,True,0.1165187745519822,True,0.2134099763391656,True,0.1034659458639095,True,-0.4228996357911506,True,0.1316517102047973,True,-0.1416041742011796,True,0.1033727204663261,True,0.4171858786680394,True,0.1051930424163166,True,0.2086013420750212,True,0,1.2540433374553168,1.1756864378040668,1.3324002371065669,False,True
4,310000,1880,1345,1714,0.0580326917465897,0.0260026123369896,0.0024219395413276,0.3294544048426073,0.0601817996637625,0.354664803283706,0.4480683482774631,136.02916143068148,5.893223620184645,1.2495561394750527,True,0.0773517448908471,False,0.5787402598670698,True,0.0148487023595817,False,-0.7964727526267623,True,-0.2267003196842516,False,0.5401651236310419,True,0.006725149012822,False,0.0052291855212973,False,0.222920135516688,False,0.3194411990261003,True,0.0255062604332836,False,-0.1743400098658167,True,0.0012367711804124,False,-0.4845511219729004,True,-0.0011063923018938,False,0.0228995095603786,False,0.1001890591465666,False,-0.2930346113224843,True,0.0074116536724324,False,0.0830375321369987,True,0.3207358887108241,True,0.1107526875377098,True,0.1768766992355951,True,0.1476756942154093,True,-0.3130501003287217,True,0.140632842731535,True,-0.1119330681702519,True,0.0606598293992457,True,0.361242942762001,True,0.0558698521416318,True,0.1876079977409125,True,0,1.1782957252212558,1.1009511053360317,1.25564034510648,False,True
5,310000,1880,1352,1753,0.0610770577191789,0.0293104200419767,0.0037162898601759,0.3495348356193291,0.0654894065276311,0.3756417218200122,0.4798924692269988,94.05478279963434,5.7359158028332775,1.3499361209919731,True,-0.2090709857980071,False,0.5705764121000421,True,-0.0560823957596658,True,-0.8538482840663678,True,0.0394880487475342,False,0.5163584769151303,True,-0.0570114920210657,True,-0.0269697736335742,False,-0.0120667121791744,False,0.3191551642803172,True,-0.0546835044656321,True,-0.1500565790266591,True,-0.0709408598310856,False,-0.4734295599888249,True,-0.0067599778374386,False,0.0699657074812137,True,-0.0378097684441227,False,-0.2878890980125203,True,-0.0078538864824911,False,0.1116553833432806,True,0.4228360931598231,True,0.1339894145357205,True,0.2051327496293801,True,0.1164868838171594,True,-0.3177794030087775,True,0.1195369233558854,True,-0.1139107929906722,True,0.0572385168725401,True,0.284658140892492,True,0.0658066291929634,True,0.164751333437481,True,1,1.1435227808550223,1.072253781210635,1.2147917804994095,False,True
6,310000,1880,1365,1776,0.0670199417889384,0.0285982721159244,0.0033153262783558,0.3543314520485047,0.0706640070268662,0.3764659262073935,0.4267128760867498,106.87679651977622,5.327548522181345,1.333391191094538,True,-0.1286793732017088,False,0.5779512128548072,True,0.0253803203294323,False,-0.963094989462444,True,0.2445939918899392,False,0.5270378559108234,True,0.0262754152684159,False,0.1168779637209803,True,-0.0825340605494556,False,0.3487404746047655,True,0.0147720211966622,False,-0.1212066923701251,True,-0.1517488880993782,True,-0.4381266986831008,True,-0.0402064030632791,False,0.0989592216838643,True,0.0883236559813095,False,-0.2991037516020506,True,0.0178309386182359,False,0.0658584764189325,True,0.3741915044918169,True,0.1139246936522964,True,0.1958047861669272,True,0.1243611355389453,True,-0.3390097862098897,True,0.1565450457368983,True,-0.1178912877231498,True,0.0690962519815522,True,0.3724607699798784,True,0.103214225552308,True,0.1929415325125571,True,0,1.1395786849329723,1.0699845167319453,1.2091728531339994,False,True
7,310000,1880,1269,1517,0.0586442907957918,0.0367620000532689,0.0045949253530164,0.2724466155838385,0.0630082206823728,0.3123927736033022,0.6268640911914117,59.29293615292054,4.957968503476514,1.2963398362998066,True,-0.0718838666974742,False,0.5343487514462414,True,0.047150104023057,True,-0.7923108819372167,True,-0.0956706094974644,False,0.4904040671470833,True,0.0410302360841709,False,-0.0682281941290182,False,0.326634245888889,True,0.2893312867948917,True,0.0641162741609925,True,-0.2149208008057624,True,0.0172775697553071,False,-0.4278162600636672,True,-0.0200542628390829,False,0.052531212622775,False,0.0043248458977113,False,-0.2592156111538836,True,-0.0279260624487579,False,0.0371337819623028,False,0.2042521848967814,True,0.0849371338397688,True,0.1510557635911382,True,0.2033100715179058,True,-0.2421311521907491,True,0.1864206273374794,True,-0.0845092835399585,True,0.1311866150255118,True,0.4802428964443114,True,0.0908777779997216,True,0.2336444057319278,True,0,1.1092034012360823,1.0203728164970671,1.1980339859750977,False,True
8,310000,1880,1383,1757,0.0630063054541405,0.0318293994712769,0.0023453509198884,0.3779956084128658,0.0654176808587628,0.4016951778648608,0.5051780015008837,161.1680389520773,6.140468029310347,1.2243036584653195,True,-0.3603729035714896,False,0.6254378976164484,True,0.008418201756754,False,-0.773683760481719,True,0.3858676625862238,False,0.5593842016774195,True,0.0239858691791097,False,-0.0092993502697063,False,0.0792808200969974,False,0.3638311571033713,True,0.0213310861707178,False,-0.2538464309776998,True,-0.0161921143688273,False,-0.5033718670776717,True,0.0070323782753661,False,0.0888023282238052,True,0.0156521986591991,False,-0.3196936553537512,True,-0.0047214274831066,False,0.0312597670631984,False,0.2658611249178518,True,0.0973194399922723,True,0.1552993299712926,True,0.1445740208551386,True,-0.388839968064172,True,0.1583923806537117,True,-0.1340873604870219,True,0.0849687309819023,True,0.4086226604038702,True,0.0853326036306639,True,0.1940514746440284,True,1,1.2170857987821055,1.1461784334287537,1.2879931641354576,False,True
9,310000,1880,1371,1770,0.09691632905379,0.0375337466544229,0.0033762327897116,0.3498929457262677,0.1009637409306889,0.3761741709175136,0.387279904437891,103.63412937416236,3.725834318834869,1.275305852234336,True,0.0402777470028031,False,0.592443885752726,True,0.009552266492513,False,-0.9000552710413127,True,-0.2791156445161135,False,0.5318703740045451,True,-0.0059191353065138,False,0.0741740824326809,False,0.2676513641277149,False,0.3241664788070524,True,0.00901414414239,False,-0.1587734034705637,True,-0.0543358271810813,False,-0.4536434822439763,True,-0.0094653716282277,False,0.1047371452550614,True,0.1481695347193279,True,-0.2658564426747797,True,0.0339092098644303,False,0.0609219062172984,True,0.4218280298257323,True,0.1152117476913029,True,0.2115601749814942,True,0.1370011961154724,True,-0.541083212362536,True,0.1398685593912292,True,-0.1785366399931161,True,0.0882101939935093,True,0.429967164661528,True,0.1095397568605315,True,0.2087008516329541,True,0,1.1874499917165335,1.1171438979677253,1.2577560854653418,False,True
10,310000,1880,1372,1769,0.0888224498280518,0.0329549284491702,0.0027360583608647,0.3451666828567383,0.0917083045663413,0.3703689808430853,0.3710202602266261,126.15472235308744,4.038554442745826,1.3482599689192265,True,0.1805750650744994,False,0.5894761530609455,True,0.0280036708688583,False,-0.7966347386218847,True,-0.1316293232153162,False,0.543142602657985,True,0.0248063134056962,False,-0.1191125341310936,True,0.0728671126361062,False,0.2726788673419668,True,0.0250549042213266,False,-0.1237445927993186,True,0.1051255923008795,False,-0.4579950889453033,True,0.0237188930116363,False,0.0069124493822208,False,0.0781548499510868,False,-0.2667630817852673,True,0.0220830532493052,False,0.0541193216237074,True,0.397459181941491,True,0.0957323876635346,True,0.2043203230209998,True,0.1179742566137885,True,-0.4944254069769366,True,0.1357889767907699,True,-0.1685689792241813,True,0.1080884206132517,True,0.4207572797848868,True,0.103140254887575,True,0.2023812209206786,True,0,1.1691870816238186,1.097838882036745,1.240535281210892,False,True
11,310000,1880,1373,1693,0.0732546482611904,0.0291242441875356,0.002843089662727,0.3308719064920913,0.0749488385504565,0.3540782388101389,0.397575374107221,116.37758415776538,4.724265854657225,1.5168423342485684,True,0.2560509954411517,False,0.5692919682653388,True,0.0056227362726864,False,-0.9571432672836864,True,-0.3109216826331729,False,0.5055573611380475,True,-0.0094589483744383,False,-0.107457140749123,False,0.0740525619435671,False,0.3016692979304987,True,0.0097491550368901,False,-0.1597299601757573,True,0.0683275620573103,False,-0.4542029128127582,True,0.0135967336890689,False,0.0741592491693301,True,0.0122944187461958,False,-0.2588535281094823,True,-0.0014298465871991,False,0.096758343453941,True,0.3136488320502918,True,0.1160495800126108,True,0.1849406955059967,True,0.1004568397391309,True,-0.3091004620346099,True,0.1064113505927306,True,-0.1015478665341519,True,0.0969994629549739,True,0.4741315295373369,True,0.1162374922802636,True,0.2324142782304998,True,1,1.1711369749263354,1.093066327358586,1.249207622494085,False,True
12,310000,1880,1331,1672,0.061982113728504,0.0343723710299561,0.0021548321421438,0.3021976420525417,0.0635238114538223,0.3337491631800423,0.5545530631710154,140.2418481431619,5.253922199278866,1.3871180889923012,True,-0.2345694146890347,False,0.5546927166626556,True,0.0055098072590452,False,-0.8430901585666754,True,-0.0122471090588062,False,0.5149699194662336,True,0.0025971898972163,False,-0.1254596135329957,False,0.2502176440245364,False,0.3248285063399064,True,0.0191700944383532,False,-0.1840663637084452,True,-0.0668923637411186,False,-0.4507641382677245,True,-0.0218732165675074,False,0.0223429186126761,False,0.0498831344346362,False,-0.3016376731654777,True,-0.0004681594751412,False,0.0516697287678066,True,0.3145382741891003,True,0.1170347245966396,True,0.1815815154933079,True,0.1760082707818341,True,-0.2662243921483088,True,0.1504896306141157,True,-0.0908577689830967,True,0.0995240510000478,True,0.4134148629554253,True,0.1004586120736086,True,0.2149878193169622,True,0,1.1646718586006513,1.0823477597346771,1.2469959574666254,False,True
13,310000,1880,1335,1682,0.0579721756694424,0.0401623884216701,0.0024870924043907,0.325428457051735,0.0603984038392315,0.3635780138551316,0.6927873235373512,130.84695063087477,6.01966261927887,1.3483328989397267,True,0.1532214078757918,False,0.5690863733760201,True,0.0279781960394354,False,-0.8775869100206833,True,-0.2372216237851796,False,0.5087481495447328,True,0.0181539567269403,False,0.0004135792720243,False,0.1324935006554782,False,0.3341627547042985,True,0.0360094009863503,False,-0.0939338718540349,True,0.0435210708998146,False,-0.4553949275555369,True,-0.016799508147856,False,0.000512045438582,False,-0.0637515837835672,False,-0.3028703372849203,True,-0.041786875547101,False,0.0688392929967526,True,0.31254651297018,True,0.0978928239929891,True,0.1808036568362103,True,0.1738729153778344,True,-0.2115291665804565,True,0.1690772062912204,True,-0.0712901547591814,True,0.1029074581378236,True,0.4096671410977564,True,0.1061958877035729,True,0.2133486511212636,True,0,1.122619099479644,1.048053838578386,1.1971843603809025,False,True
14,310000,1880,1385,1755,0.0860858393190482,0.0287492095322741,0.0013858714955604,0.3426910220209797,0.0866231587313607,0.3661192051390649,0.333959798262811,247.2747459766397,4.226574169091302,1.1996033680021796,True,-0.0116690662522969,False,0.5959075564869013,True,0.0225693414267894,False,-0.7809897491033182,True,0.1716353460143704,False,0.5340760940492373,True,0.0230024173471485,False,-0.0087530190837286,False,-0.0890863086869684,False,0.3024592526762639,True,0.0084370305167972,False,-0.1811709534896637,True,0.0056457391330119,False,-0.4835029665165719,True,-0.0053035867836525,False,0.0487494450212404,False,-0.0284970313124301,False,-0.2610111546113215,True,-0.0057194798777958,False,0.0467573095954122,True,0.4047685385225577,True,0.1064541408662861,True,0.2017562276237153,True,0.1192903341918219,True,-0.508008154982385,True,0.1307389565194706,True,-0.1731062567701418,True,0.1021584234735104,True,0.3750238401905739,True,0.0942670926635831,True,0.186359803051603,True,1,1.1556757849964403,1.0845095884112672,1.2268419815816138,False,True
15,310000,1880,1399,1759,0.0714360937899455,0.0320595999178293,0.0004670277477152,0.3376353308514136,0.0726541854955743,0.3688389104120846,0.4487871357034037,722.9449053148879,5.076636781435697,1.2622360988703702,True,-0.053604702936874,False,0.5832320668059671,True,-0.0028234728494317,False,-0.885443784510898,True,0.1476161232192013,False,0.5351758261441714,True,-0.001523467639156,False,0.0777123898760896,False,-0.1448407796531437,False,0.3837818297882774,True,-0.0026688787900589,False,-0.125312437888595,True,-0.0641506406883298,False,-0.4415400625063481,True,-0.0154039750991955,False,0.0154326117208664,False,-0.0495994562444622,False,-0.3310028749371299,True,-0.0118002690895243,False,0.0533221062256371,True,0.3644652336636929,True,0.1017294839553553,True,0.1863636540954864,True,0.136079605359357,True,-0.405421371854104,True,0.157640552959362,True,-0.1377794369682468,True,0.1146251975538923,True,0.3847887194206673,True,0.1110725557695344,True,0.1901267307765558,True,0,1.121185962711199,1.0507397653559307,1.1916321600664674,False,True
16,310000,1880,1346,1703,0.0617731113572193,0.0413060493416196,0.0027799802296911,0.3172186931390397,0.0639826428002615,0.3480052000355955,0.6686736095055422,114.10825506995772,5.439056356611967,1.4310438706144266,True,-0.1112752955852597,False,0.5587547473124648,True,0.02593032546668,False,-0.9229313354429568,True,0.0736669880861895,False,0.5149012041808709,True,0.0228100114338729,False,-0.0653790164024045,False,0.0553579132544653,False,0.275834295031623,True,0.0302960860873094,False,-0.1721224384109149,True,-0.0635769066497879,False,-0.4498103547952102,True,-0.0440126079868403,False,0.1103929730588461,True,-0.0761859196299536,False,-0.2144722409175096,True,-0.0467676189797581,True,0.0634161294509986,True,0.2807786611743454,True,0.1154297055734759,True,0.1683917257684928,True,0.1700568185606791,True,-0.3095511976565855,True,0.1742695281104093,True,-0.1078505978990494,True,0.0855608079442655,True,0.4223391207787467,True,0.1241126759845559,True,0.2098835605356959,True,0,1.13923214407761,1.0601829234149855,1.2182813647402342,False,True
17,310000,1880,1376,1665,0.0665765942860162,0.0291268369509908,0.0045888295815865,0.2760628270104462,0.0703620158733516,0.3023848188733365,0.4374936456776466,60.1597470775976,4.297557639872273,1.427233782655854,True,-0.2967804626900232,False,0.5529519825784881,True,0.0373062467956959,False,-0.7990684820971206,True,0.4863036901168344,False,0.5082653745028856,True,0.0419112840011708,False,-0.1696106706630441,True,-0.043042994436126,False,0.2968513210897665,True,0.0262472311132822,False,-0.1409774817479867,True,-0.1280228346543242,False,-0.4363315113430217,True,-0.0362285333178737,False,0.0535058603740459,False,0.0679363692144262,False,-0.259448599576942,True,0.0126334160990892,False,0.0853974814312692,True,0.3910648911055098,True,0.1238453959000421,True,0.2063338118824118,True,0.1444084993650911,True,-0.2417338092711716,True,0.1437915853081638,True,-0.0798326720957182,True,0.0915567301664155,True,0.3899190892923913,True,0.0884108092395836,True,0.207465501121306,True,0,1.1359960063854888,1.0494660732165615,1.222525939554416,False,True
18,310000,1880,1358,1671,0.0589850690001012,0.0271709988038408,0.0012975605858767,0.318014837436159,0.0605158114502301,0.3428007970265649,0.4606419771043116,245.0866964499301,5.664648441647253,1.4448314331940089,True,-0.3360255092170585,False,0.5835030026929152,True,0.0038786483113007,False,-0.9739527926270763,True,0.2485525620007239,False,0.5089917742960557,True,0.0143958063180686,False,-0.0192128739685694,False,0.1232267112824369,False,0.327574149974299,True,0.0099087980513606,False,-0.1719110610104529,True,-0.0451733823545977,False,-0.4160569499459833,True,0.0077645626955751,False,0.0769527977183929,True,0.0560851332979037,False,-0.2715546250509449,True,0.0154239036210897,False,0.0462658663892842,False,0.3278394688700762,True,0.1021900101300011,True,0.1847067022439964,True,0.158614325113566,True,-0.2176988694364397,True,0.1584565101704575,True,-0.0709760816575941,True,0.080577540169042,True,0.4053683499391945,True,0.0808398309427443,True,0.2103147818004416,True,0,1.1618758761204209,1.0827897033215348,1.240962048919307,False,True
19,310000,1880,1318,1649,0.0677680998287904,0.0231206125705895,0.0042858635658429,0.307299794219344,0.0722214270148245,0.3290718494586594,0.3411725078466345,71.7007878338529,4.556429622902802,1.614416402337683,True,-0.0409690986797296,False,0.5621255449438681,True,0.038603305355548,False,-0.9747528059660489,True,0.0138661717702861,False,0.484921789385203,True,0.0398831892284788,False,-0.1541236353619759,True,0.1590638585123334,False,0.2589741596313687,True,0.0522415470755643,True,-0.0891477741817879,True,0.0832086671895414,False,-0.4212099093835031,True,-0.0046695667552617,False,0.0523344169330028,False,-0.1088294974990048,False,-0.2161155201233263,True,-0.0539965698722255,True,0.0491171285708955,False,0.3157385215763199,True,0.0807869823650226,True,0.1870598636535266,True,0.1440070357005081,True,-0.2613572023442949,True,0.1416265114299267,True,-0.0896599162918522,True,0.0884103733768059,True,0.4598143843511437,True,0.1107843423091007,True,0.2312367804169687,True,1,1.2013419553191689,1.1177127269951856,1.284971183643152,False,True
20,310000,1880,1401,1776,0.0792202373893495,0.0365370892879992,0.0015472495778058,0.3527028103006046,0.0801531276996019,0.3797574760373209,0.461209035620882,227.9546980395856,4.737899654528477,1.573720833893541,True,0.1614857206089725,False,0.6117622512563807,True,0.0283757277128816,False,-0.9655454065004714,True,-0.1684434111597658,False,0.5379326869675887,True,0.0164109752850725,False,-0.1462694616179309,True,0.0571083399839892,False,0.3095157726385384,True,0.0214161858057693,False,-0.0860982792354103,True,-0.005042161609028,False,-0.4351854236949265,True,-0.0281999711504971,False,0.038647410787778,False,0.0047222356841857,False,-0.2686195130673555,True,-0.0167327950493967,False,0.0503466265388257,True,0.4089478727579155,True,0.1040260035312245,True,0.2045428750592859,True,0.1467220506203002,True,-0.4165237909843314,True,0.1466177089102402,True,-0.1396396187041723,True,0.0846833277851667,True,0.386633765701851,True,0.1077233859967029,True,0.1957728587471469,True,1,1.163050488850998,1.0934593312329728,1.2326416464690233,False,True
21,310000,1880,1341,1628,0.0591755942529897,0.0362065900238405,0.0012995881305232,0.2937491003589991,0.0602817326226201,0.3270370957810363,0.6118500452914543,226.03245863805645,5.425144261004847,1.3563775453154998,True,-0.0695669602510214,False,0.557901146537957,True,-0.0236003175304391,False,-0.8721212829331206,True,-0.0124126252223073,False,0.4891896466712815,True,-0.0244059258351269,False,-0.0432118882099006,False,-0.0003667779567394,False,0.2993118473598087,True,-0.0194111483437599,False,-0.2035189113279572,True,-0.0299826484727379,False,-0.4446318864256257,True,-0.0076126347771096,False,0.1116810174221714,True,-0.0414307195428907,False,-0.2534483008620848,True,-0.0237564502229781,False,0.0450808180839826,False,0.3539160023041807,True,0.1017586442228099,True,0.1895604448506676,True,0.1524254456789918,True,-0.2872322475910239,True,0.1463744051956713,True,-0.1018764208280733,True,0.1487209888896519,True,0.3508614988782517,True,0.1315589836765172,True,0.1890217072494796,True,0,1.166497554263679,1.0809575059934278,1.2520376025339304,False,True
22,310000,1880,1336,1632,0.0715238062873795,0.0379453635108779,0.0014217553824783,0.2803858929941282,0.072733516288615,0.3125916949031312,0.5305277428666918,197.21106489174664,4.297766846067653,1.3336195118514411,True,-0.1816000998264352,False,0.5372210957027729,True,0.013011724470999,False,-0.8838898633077632,True,0.0388453846680979,False,0.4898752749532801,True,0.0125751316463257,False,-0.0048197688749015,False,0.154937536163047,False,0.3128848251689207,True,0.0231020930188296,False,-0.1386572383765155,True,-0.0659432513698017,False,-0.4162229855608405,True,-0.0276269584710408,False,0.0524968962184443,False,-0.0041934408130652,False,-0.2589057944356991,True,-0.0234901937641594,False,0.0482689109946756,False,0.3446190763139604,True,0.0905276447676765,True,0.1974285215865349,True,0.1595867279588823,True,-0.2825767305968986,True,0.1752871322134661,True,-0.0959395940420697,True,0.1264520130167339,True,0.4501314675724305,True,0.101020096729244,True,0.2281708334696699,True,0,1.1103425434366467,1.0266287155947498,1.1940563712785437,False,True
23,310000,1880,1353,1779,0.0758095550628259,0.0318084920908268,0.0022577663300983,0.3884406465184028,0.0787828088636692,0.4144359675249622,0.4195842076169163,172.04643427448278,5.260487325885121,1.4292981348829392,True,0.0294052929160475,False,0.6274203217623816,True,-0.0279752457052686,False,-1.0171528941040664,True,-0.1189491187729381,False,0.5571027987449462,True,-0.0290841832438111,False,0.0695617398304825,False,0.0491439106414531,False,0.3435567010913526,True,-0.0261048232869934,False,-0.1177932665020441,True,0.051490414664304,False,-0.4548884677630524,True,0.0283701321789787,False,0.0694594115740557,True,0.0910818074922192,False,-0.2991474644842777,True,0.0431790339682917,False,0.0604179438735597,True,0.3846771745989824,True,0.110860802662617,True,0.1992958232217575,True,0.1476452838953539,True,-0.4054025002152048,True,0.1585268338074282,True,-0.1404812053032375,True,0.0569716458648859,True,0.3943701504502826,True,0.0814481710607816,True,0.2006108926944146,True,0,1.2203040571656338,1.154621411498131,1.2859867028331369,False,True
24,310000,1880,1377,1748,0.0616649689414616,0.0381801263986201,0.0022405377543147,0.3534415966119155,0.0639794829035488,0.3822463732378521,0.6191542305788619,157.7485565379417,5.974514889626431,1.384853917674798,True,-0.330922941201652,False,0.6195237336542212,True,0.0192969307942609,False,-0.9032549828053222,True,0.447263468839287,False,0.5659371117448492,True,0.0295156696002959,False,-0.0355777900259601,False,-0.0278777550758353,False,0.3566374051431895,True,0.0179075371940371,False,-0.1752994916817479,True,-0.0801203650250124,False,-0.4746274796173227,True,-0.0108964914842388,False,0.0619734778819733,True,-0.021450544990147,False,-0.308521807842352,True,-0.0147355584057811,False,0.0965655296616786,True,0.3758135644058262,True,0.1385136300531399,True,0.1909622157519268,True,0.1414677288147144,True,-0.3262605322792102,True,0.1750388173097877,True,-0.1151844688108424,True,0.0670169389176722,True,0.3345516947291861,True,0.0953408358287871,True,0.1779873257592214,True,0,1.2083572579346529,1.1365121292139435,1.2802023866553622,False,True
25,310000,1880,1393,1707,0.0666551271209496,0.0394557185080638,0.0024771879449045,0.3320784702292914,0.0703663467379813,0.3631521715131017,0.5919382380963598,134.0546125748571,5.160878578297494,1.396115607744175,True,-0.3607907889747472,True,0.5755026023993068,True,-0.0396036909101435,False,-0.8159007484598664,True,0.034270630839131,False,0.5286773472768733,True,-0.0362732436707143,False,-0.1893326057606305,True,0.2233869348105556,False,0.3093541387500571,True,-0.0274148381829337,False,-0.1771625739113786,True,-0.1015433767785886,False,-0.4660027861651725,True,-0.0082824947485376,False,-0.0062139634126527,False,0.0458480342331638,False,-0.2876407918766339,True,0.0084207675489132,False,0.0579952117079276,True,0.3424233401216519,True,0.1015204022485746,True,0.1785526550147003,True,0.1507294742646414,True,-0.3815536514737999,True,0.1624710820600439,True,-0.1296862644828333,True,0.1046526152572561,True,0.3866680954472524,True,0.1014045288179976,True,0.1906270262272918,True,0,1.1154808225201251,1.040576641677769,1.1903850033624812,False,True
26,310000,1880,1392,1803,0.0830247162914242,0.0279685550131641,0.0008812699247997,0.3526516345247017,0.0835306183248387,0.3781215202852916,0.336870226873068,400.163019979188,4.526741545415485,1.442828890276433,True,-0.0408643101152717,False,0.60309700359304,True,0.0159512489284244,False,-0.9833714970693068,True,-0.0408991970763831,False,0.5420523281140079,True,0.0124763734104314,False,0.0056525122797076,False,0.1081793538844255,False,0.3406703636227119,True,0.0238606792009505,False,-0.1260498423517217,True,0.0159355202282304,False,-0.4504452635994861,True,-0.0001608974837212,False,0.0824503048911361,True,-0.020559785988612,False,-0.2967188063973455,True,-0.0083474362342428,False,0.0415684108649782,False,0.3923460539424022,True,0.0969810296394611,True,0.200909087022868,True,0.1283469239174157,True,-0.4417235050596456,True,0.1474045517982869,True,-0.14829994483266,True,0.1050328240742646,True,0.4144741924650774,True,0.0830876968157575,True,0.2049662212785912,True,0,1.175733014221844,1.106660795149726,1.244805233293962,False,True
27,310000,1880,1376,1775,0.0865648543126978,0.037568003641224,0.0040744325960939,0.3775984477709744,0.0908748325910727,0.4027658545446462,0.4339867945196012,92.67509987352992,4.4320945971592645,1.278653025072681,True,-0.0464180963015252,False,0.6191375279839938,True,0.0367487887546281,False,-0.7909216414798553,True,0.1229405115932477,False,0.5565151327938651,True,0.0402494141565069,False,-0.040224823430807,False,0.1399599978949138,False,0.351216793432523,True,0.0389359605116938,False,-0.1827460583820249,True,0.122462253796295,False,-0.507320434038788,True,0.0327823459988526,False,0.0252627170033973,False,0.0494649755940647,False,-0.3239865163027407,True,-0.0068395295083419,False,0.0672597958486492,True,0.4235579451299323,True,0.1176177315328464,True,0.2117355607962077,True,0.1183136496072558,True,-0.4779492573764352,True,0.159159140278377,True,-0.1613533323626696,True,0.0949108929001791,True,0.3956404290258332,True,0.1264206744977753,True,0.194904427914379,True,1,1.1920627294016344,1.1243887673593522,1.2597366914439163,False,True
28,310000,1880,1339,1735,0.0816957142716566,0.0384499929006409,0.0010396021690227,0.3457413378943964,0.0826623891805218,0.3752139566760464,0.4706488368874051,332.5708123708467,4.539113379080265,1.347976634999378,True,0.0687503988607722,False,0.5702879994277006,True,0.0019078979789061,False,-0.7988827121519319,True,-0.009150638432176,False,0.5171473310198779,True,0.0010574382032342,False,-0.1464153601015747,True,-0.0543095282679352,False,0.2834239792631093,True,-0.0007979077849508,False,-0.2063194090119685,True,0.09201459438929,False,-0.475469436433624,True,0.0266335233182889,False,-0.0132187663241928,False,-0.0471870576690134,False,-0.2727996164694582,True,0.0020333888933395,False,0.0774380202543912,True,0.3604385475431796,True,0.1240277948472962,True,0.1998469863758527,True,0.1366722816710498,True,-0.3948034505145918,True,0.1501792030040534,True,-0.134691811813272,True,0.1023911257953422,True,0.4570691096049938,True,0.1161178710372742,True,0.2267177861408673,True,0,1.1522200717820552,1.0768948972490513,1.2275452463150591,False,True
29,310000,1880,1394,1778,0.082373129730156,0.0430398415624321,0.0014575083879431,0.3870712104612348,0.0838232915922796,0.4254822211516026,0.5224985587342035,265.57048567485907,5.075942653518879,1.3462234419478918,True,0.0611567987052075,False,0.625978166856942,True,0.0290957847742522,False,-0.8612268697804764,True,0.0910500747819123,False,0.5650541896740465,True,0.030609346685318,False,-0.0148914434591089,False,-0.0581918384221497,False,0.3542240618957136,True,0.0241771529064358,False,-0.1462693773847638,True,0.083689876114418,False,-0.465641158556007,True,0.0082513203911958,False,0.1044448270439366,True,-0.0537246709921605,False,-0.29396723592468,True,-0.0034881769926564,False,0.0390037407667018,False,0.4661229566390623,True,0.1019352149783734,True,0.2231154256589969,True,0.1698709440821948,True,-0.4060665658556309,True,0.1615268088981721,True,-0.1365568818221862,True,0.1059369731857313,True,0.3591112929997844,True,0.1107304374676055,True,0.1903427952108086,True,0,1.170962907105854,1.106179699678076,1.235746114533632,False,True
30,310000,1880,1381,1759,0.0822283502849597,0.0452190324704354,0.0015760971417732,0.3782135900107658,0.0836196168093448,0.41672147421503,0.549920219896548,239.96845117379823,4.983537238219678,1.3821965007457755,True,0.1100201692564411,False,0.6074323186567255,True,-0.0105058954769994,False,-0.907820432468432,True,-0.057318984526524,False,0.5418386230412982,True,-0.0175496151333635,False,0.0164127083136557,False,-0.1077516180935318,False,0.3507413691952931,True,-0.0093078970675651,False,-0.1469894052613459,True,0.043222866388899,False,-0.4616478591205429,True,0.0027230288315248,False,0.0662610628898542,True,-0.0993474407146279,False,-0.3169875455477575,True,-0.0288315997396818,False,0.0582916080513874,True,0.3513805482788148,True,0.1083994629235831,True,0.191600969481435,True,0.1497524473160499,True,-0.419831175380743,True,0.1700412796268254,True,-0.1398536378076567,True,0.1355109441967984,True,0.4585630618470285,True,0.145749987278919,True,0.2214857042400139,True,1,1.2195807456740697,1.1498688301623752,1.2892926611857642,False,True
31,310000,1880,1375,1786,0.081487234438272,0.0325790673812604,0.002622211514738,0.383986492156509,0.0838073557622155,0.4080579471585994,0.3998057806948853,146.43612462164972,4.868999188047071,1.4778182070481696,True,-0.3135527044945665,False,0.6169206084064717,True,-0.0089715469344504,False,-0.9207575603773293,True,0.3940904448973159,False,0.5603230635175922,True,0.0098695210195608,False,-0.1310334158831978,True,-0.0843151040166584,False,0.3330837299416997,True,-0.0086895160127427,False,-0.1527133453696808,True,-0.0267016962515865,False,-0.4837923326095081,True,0.007372480243304,False,0.0337059966007972,False,-0.0064632224304439,False,-0.2896447490744326,True,0.0106291147352333,False,0.0372821963360454,False,0.4246856451002984,True,0.0721124476718507,True,0.204141954939505,True,0.1512960948377166,True,-0.5019919381751622,True,0.1767821566225128,True,-0.1763884735478986,True,0.0626836522860994,True,0.3187249570962986,True,0.0905081821387762,True,0.1644194453243605,True,0,1.1976920999810017,1.130284235822022,1.265099964139981,False,True
32,310000,1880,1371,1777,0.0570430879491157,0.028195819187799,0.0008084395915008,0.4073397107918667,0.0574934656130607,0.4331341469213874,0.4942898465270777,503.85918140850265,7.533623904957163,1.2926413468803113,True,-0.0032283962165628,False,0.6399086324514053,True,0.0229875375429822,False,-0.9231661817070774,True,0.0914081751034375,False,0.5874810844440284,True,0.0234743518963918,False,0.0972779464979712,False,-0.0379430476128875,False,0.3930434874175762,True,0.016973877588039,False,-0.199748281305678,True,0.019133283283583,False,-0.5029230109681878,True,-0.0017816121408605,False,0.0562555723012234,True,-0.0339270988416551,False,-0.3389282357006156,True,-0.0094207521003074,False,0.0281611218351706,False,0.3269415990440285,True,0.08054919524963,True,0.172519627714206,True,0.1412424824680309,True,-0.3543300092243015,True,0.1479263283792488,True,-0.127430550524835,True,0.0971056444940218,True,0.3228540223709875,True,0.0996017828751162,True,0.1677858225564606,True,0,1.2518635025519642,1.1860768180531664,1.317650187050762,False,True
33,310000,1880,1348,1750,0.0877702066771007,0.0258744109764199,0.0015304386658796,0.3607557860907276,0.0888410872557663,0.3820488880109171,0.2947971977736106,235.72051212086677,4.300362589114078,1.4697475243697204,True,0.2088117802531844,False,0.5989517498432084,True,0.0127033963770507,False,-1.0099571819732822,True,-0.1270865372626379,False,0.5396023193303382,True,0.0055077613596326,False,0.0051272869983316,False,-0.0589435151075801,False,0.3578373807049173,True,0.009709107686806,False,-0.1476344411512735,True,0.0728683995648118,False,-0.4728631302511092,True,0.015539924109442,False,0.0161015617638009,False,-0.0745816579928691,False,-0.3200069464483734,True,-0.0072310020453432,False,0.0187724517182287,False,0.4075941787128587,True,0.0910099318734279,True,0.2111533319993987,True,0.131481384516668,True,-0.4613316985088466,True,0.1385519828323019,True,-0.1591771634652541,True,0.0926373528055202,True,0.4182987106202614,True,0.0759795948927331,True,0.2093609748059564,True,1,1.1802414958490248,1.1085005042047915,1.251982487493258,False,True
34,310000,1880,1364,1786,0.0719694810952635,0.0325968321522674,0.0034580716835662,0.3659613721181537,0.0749212745134476,0.3940979936642675,0.4529257632012126,105.82816251534216,5.26016136569501,1.4693321222530085,True,0.0850136959052784,False,0.6266897608955821,True,0.0298491972856478,False,-0.9328850771722064,True,0.0436480076775459,False,0.5562559069867647,True,0.0309427644861914,False,-0.0713853573819217,False,0.0087629265937936,False,0.3337839311522065,True,0.0181497351700085,False,-0.1315901353166003,True,0.0377753050451019,False,-0.456665078158826,True,0.0177022808096688,False,0.0612603293643351,True,0.1014537511093199,False,-0.2936011301990343,True,0.0436585903815517,False,0.0175754375935307,False,0.309185359819758,True,0.0695607421349817,True,0.1762117368710018,True,0.1599866716836518,True,-0.4063678347774919,True,0.1637196313580397,True,-0.139528470063402,True,0.099762202477786,True,0.4233045818723588,True,0.1077767486423611,True,0.2063807985382506,True,0,1.2213905412795336,1.1514104827224043,1.291370599836663,False,True
35,310000,1880,1356,1704,0.0869224611349067,0.0279928837635384,0.0015621738960389,0.3111147543786012,0.0883370751391657,0.334380324694922,0.3220443070530702,199.15500775391345,3.7852772934596377,1.4831803644901842,True,-0.1314627170031407,False,0.6004759381567998,True,0.0286937392055222,False,-0.912124861841545,True,0.0919630606688435,False,0.5423246579104103,True,0.0278092886577573,False,-0.1144722603999303,False,0.1165287035522855,False,0.3397347958650766,True,0.0248965988554939,False,-0.1298953168054457,True,-0.06567537175906,False,-0.458060370047039,True,-0.0129379687824217,False,0.0426556292794899,False,0.0825334117163283,False,-0.2981606348752885,True,0.0187351905550784,False,0.0766173886536069,True,0.3245237411065556,True,0.112267709680548,True,0.1870828413646232,True,0.1399067363670763,True,-0.4596138539893682,True,0.147045245328677,True,-0.1531267310296174,True,0.0818596830109942,True,0.4885657457577501,True,0.087632886132077,True,0.2308258645915911,True,2,1.1650674563372407,1.0847978537858718,1.2453370588886097,False,True
36,310000,1880,1380,1696,0.0677229745356209,0.0241107426740526,0.0024026519343293,0.3224361752109611,0.0698395475350508,0.3441471291198884,0.3560201370270719,134.2001188786287,4.92768268504559,1.3841312774379486,True,0.1355644955103487,False,0.5689199863285029,True,0.0349226587191624,False,-0.82933930673229,True,-0.0132384411855468,False,0.5226409880582491,True,0.0280404263663796,False,-0.0955905377580742,False,-0.051022344094315,False,0.3146631547938063,True,0.0303653859032172,False,-0.1912298640986577,True,0.0528271934810146,False,-0.452574697691805,True,-0.0133281269105901,False,0.0629151565031187,True,-0.1099867057737096,False,-0.2698588704898798,True,-0.0376790260108136,False,0.045566356987638,False,0.2785032963864352,True,0.108127200966573,True,0.1663941669821609,True,0.1392229115036738,True,-0.3423032970493529,True,0.1421518951394167,True,-0.1145061879185833,True,0.097765004517029,True,0.4550189003069988,True,0.0824921497669871,True,0.2185060062404381,True,0,1.2086711025181889,1.1272127909872092,1.290129414049168,False,True
37,310000,1880,1382,1779,0.075702982045973,0.0440528122535383,0.0034681599400231,0.3440633686376662,0.0786560517384136,0.3762713777524886,0.5819164722835599,99.20631533370702,4.783756232817968,1.3983840423460383,True,-0.0181749757451217,False,0.5970007762631244,True,0.0275962384673743,False,-0.8617352601004162,True,-0.0384575283825872,False,0.5490531486949819,True,0.0183743503580207,False,-0.0929769048419859,False,0.0639765666693316,False,0.3144273378280109,True,0.0360159772744989,False,-0.1817112435277549,True,-0.0615524313689246,False,-0.4537211598354111,True,-0.0410090673554468,False,0.0636150758463796,True,-0.0930907423304332,False,-0.2670047697432848,True,-0.0531126858441075,True,0.0729680556337675,True,0.4054356057965483,True,0.1294503040510792,True,0.2032845232664638,True,0.1541530746537514,True,-0.4206266046565732,True,0.1550033925879778,True,-0.1424558161296926,True,0.1046974959108268,True,0.3573902326028584,True,0.122156661031678,True,0.1869133589070996,True,0,1.2013873252774208,1.1264658327625767,1.2763088177922648,False,True
38,310000,1880,1368,1693,0.0753111724082896,0.0293072497395854,0.0054954739018152,0.3345631824749597,0.079746119469142,0.3613862978154375,0.3891487650822909,60.87976914319383,4.531710134877184,1.4393272546211655,True,-0.0419886392887333,False,0.5766158542704877,True,0.0663105738408704,True,-0.868464128699764,True,0.3679108700884408,False,0.524862189679801,True,0.0566445441842069,True,-0.1064856358546331,False,-0.0224319474071918,False,0.3300256262539232,True,0.0519246008900025,True,-0.1569619974203544,True,-0.0516020593591769,False,-0.4607195092323166,True,-0.0436244550359834,False,0.0631931114779189,True,0.0093422107356408,False,-0.2950980855046142,True,-0.0262353343594898,False,0.046063175277042,False,0.4163016935862444,True,0.1046484614131258,True,0.2157601339746768,True,0.1422855436484772,True,-0.3200789040897876,True,0.1306896575243117,True,-0.1071803357745988,True,0.10599406438364,True,0.3972788034102566,True,0.0875803270147531,True,0.2092093387636246,True,0,1.1653853677969557,1.089942175837227,1.2408285597566844,False,True
39,310000,1880,1326,1675,0.0738367090681304,0.0281543537620527,0.0030310363654056,0.3421779456393701,0.0771107972747163,0.364193944836174,0.3813056421037705,112.89140227572652,4.72299545209849,1.4378972544846282,True,0.3179246524976554,False,0.5761810177984998,True,0.0397252085633323,False,-0.8495862251598952,True,-0.1717665980872973,False,0.5133631900672997,True,0.025595313241071,False,-0.1222134154127385,False,-0.0550856058504248,False,0.2754674034043604,True,0.0215649531729034,False,-0.1862154870018401,True,-0.0058081901706178,False,-0.456510041597371,True,-0.0198649063569296,False,0.1074420844788358,True,0.0884131165876771,False,-0.246815705721698,True,0.019320836685933,False,0.0870337233857022,True,0.3723666279799187,True,0.1417141955973349,True,0.2038776248033481,True,0.0450341209781246,False,-0.3411451180642562,True,0.0745775805842481,True,-0.1201027875950012,True,0.1366252488637802,True,0.4201620868550472,True,0.124887878435699,True,0.214023112685773,True,0,1.1885028809645464,1.1106482431936833,1.2663575187354097,False,True
40,310000,1880,1418,1765,0.0845825243758564,0.0318904809309639,0.0012513664497045,0.3531007475787194,0.0854902842788192,0.3795436614889798,0.3770339223886637,282.1721388343741,4.439611643483729,1.425750732332376,True,-0.0356644379528014,False,0.582009748394947,True,0.0228774363820945,False,-0.9466848227674972,True,0.079309333022742,False,0.5390284174931763,True,0.0251952662400066,False,-0.0134531832972197,False,0.0212474414612164,False,0.3553641679386616,True,0.0298242630253501,False,-0.1529325594502686,True,0.0238279536145769,False,-0.4707510195137583,True,0.0019178298225005,False,0.0209922197359708,False,-0.0513371671872943,False,-0.3137207887909298,True,-0.0201573844601801,False,0.0993750831106544,True,0.3403871992239105,True,0.1381514466598376,True,0.1889284767907479,True,0.1282488831552424,True,-0.377324379435595,True,0.145157522031759,True,-0.1185280880896118,True,0.0730419836038994,True,0.5062590964835824,True,0.0904956893617082,True,0.2390831160574165,True,1,1.1574533174124384,1.0848988902934376,1.2300077445314392,False,True
41,310000,1880,1376,1743,0.079596034982394,0.0287507516635515,0.002465608579951,0.3477438446887143,0.083260669512642,0.373496009517005,0.3612083399620467,141.03773304342556,4.485863634093103,1.3608149547977446,True,-0.4123204141239037,True,0.5922814230081116,True,0.0066749210319163,False,-0.920978529245682,True,0.1863342650998276,False,0.5254617261498999,True,0.0130755174891176,False,0.0167940741646484,False,0.2380499586427202,False,0.3365657460205583,True,0.0258947643129823,False,-0.165002770365148,True,-0.098132791012526,False,-0.442274361283356,True,-0.0180446834590764,False,0.1079333970753629,True,-0.023266107596787,False,-0.2737757076018502,True,-0.0319982656547173,False,0.0713853722457628,True,0.4448986533358994,True,0.0993548077755949,True,0.2157868360200411,True,0.1372451001540758,True,-0.4089321657476989,True,0.1299808453964028,True,-0.1403428522067344,True,0.0838226766153774,True,0.3665046533397154,True,0.1022206093941702,True,0.1904385729724375,True,1,1.1861021847078783,1.1140270584702296,1.258177310945527,False,True
42,310000,1880,1425,1793,0.0791209374480585,0.0343232192804646,0.0015034255752679,0.3636694312750185,0.0812278056376202,0.3882555601969335,0.4338070349962324,241.89387041004923,4.77983563816865,1.3419868009907845,True,-0.1620095268562533,False,0.6054896230997404,True,0.0012798836964933,False,-0.9260516279023312,True,0.118621823793349,False,0.5444816394614184,True,-0.0009810077415992,False,0.0524535063133502,False,0.013028666375346,False,0.3391221425280508,True,-0.0055612985896199,False,-0.1341295594894863,True,-0.1241835317452028,False,-0.4351801095770823,True,-0.027571331342858,False,0.102525146757539,True,0.1001316248487622,False,-0.2791479463127337,True,0.0153588700135095,False,0.0721668681462695,True,0.4086590156433627,True,0.116741455214573,True,0.1936752482330092,True,0.1056764156195755,True,-0.4905684015470156,True,0.1340851134677917,True,-0.1624687183716051,True,0.0997890612558825,True,0.3457538621248937,True,0.126416751455414,True,0.1720312213672845,True,0,1.161650312102377,1.0940055393781736,1.2292950848265802,False,True
43,310000,1880,1339,1623,0.0716092900208777,0.045778592283848,0.0032253997789341,0.2686686063991942,0.0745588875839953,0.3096318974882497,0.6392828677745758,83.29776921110262,4.152850284138557,1.4053352522349027,True,0.0469602783326434,False,0.5005139293197185,True,0.0375577357723538,False,-0.848652350615266,True,-0.0649527928234139,False,0.4463680522223529,True,0.0343055091850897,False,-0.1445371764365595,False,0.1689639567862418,False,0.2263157992830364,True,0.0482313515529145,True,-0.1455778351414599,True,0.0914832901870103,False,-0.3857401542911967,True,0.0133682418597645,False,0.1072525990656696,True,-0.0201183170901004,False,-0.1790516267691886,True,-0.0124203132911071,False,0.0573150340471268,True,0.4486120051466769,True,0.1084923871054635,True,0.2275946451302532,True,0.2011659035953324,True,-0.2790318434740678,True,0.1783771868421724,True,-0.0985105079066605,True,0.1126394121747703,True,0.3547195178041509,True,0.1074268762947706,True,0.195483824126285,True,0,1.0889212872025156,1.002444283009179,1.1753982913958518,False,True
44,310000,1880,1329,1599,0.0566623146090052,0.0382360645142552,0.0023817842420608,0.2476510770465232,0.0585601741637334,0.2780514234791407,0.6748059054435166,103.9771246585483,4.748131771290716,1.271254541018515,True,-0.1355345557348687,False,0.5067261525935637,True,0.0132518502278811,False,-0.7433589811212012,True,-0.0553913940838509,False,0.4547661972843365,True,0.0125267224465803,False,-0.0892623004895804,False,0.2180555919797716,False,0.2672399217361289,True,0.0319494063538617,False,-0.1272650300830443,True,0.0009728314568427,False,-0.4132029821973095,True,-0.0187850797846032,False,0.0882096401963553,True,-0.0397616652831258,False,-0.2339242707777975,True,-0.0330361035913547,False,0.1478800472363948,True,0.2639629634195292,True,0.1723672122824753,True,0.1629152626727606,True,0.1077945904427099,True,-0.278715049700851,True,0.1152773884909758,True,-0.0973395414318672,True,0.082312180060781,True,0.4117558682862421,True,0.1099284386012442,True,0.2070820580382976,True,0,1.0333099437239943,0.94616589817407,1.1204539892739185,False,False
45,310000,1880,1377,1742,0.0823553052377661,0.0487261631310478,0.0076039675362827,0.3536193882405655,0.0892188935489362,0.3949840228461083,0.5916578536181929,46.50458942035844,4.427134288876394,1.2882588505225263,True,-0.6684902570320035,True,0.5654107757330588,True,0.0240614395076869,False,-0.851578740213232,True,0.7670131182991201,False,0.5153804641878134,True,0.0349172942919518,False,0.0057766631726465,False,0.2828853212878563,False,0.2923468353703186,True,0.0542437586566778,True,-0.2034627191022224,True,-0.0431969982789124,False,-0.4519704950073716,True,-0.0184438355143172,False,0.1012332482333353,True,-0.0416958137863467,False,-0.2419847056583759,True,-0.0488131162675654,True,0.0680911119966314,True,0.3172791221436129,True,0.1240411585827366,True,0.1815032888404676,True,0.1799373857530812,True,-0.4407932853372717,True,0.1899784784705203,True,-0.1462995727526716,True,0.1128256513662353,True,0.4767061512807246,True,0.1046544212960584,True,0.2240645781711189,True,0,1.1503246018973865,1.0783195764773192,1.222329627317453,False,True
46,310000,1880,1373,1773,0.0792655187991493,0.0439306250511774,0.0020809915832954,0.3943180130946965,0.080595777097995,0.4242953747944242,0.5542211256131822,189.4856357228784,5.26448642933898,1.274507689626834,True,-0.0428278720872281,False,0.6222281034832856,True,0.0195856669340356,False,-0.8888158711021149,True,-0.1016360820867277,False,0.5592097157840548,True,0.0171965032404799,False,0.0846346740577474,False,0.2009700432873349,False,0.3809635060965117,True,0.0333047451486373,False,-0.1738125881734096,True,0.0210044016057286,False,-0.4856200773171512,True,0.0118286245670816,False,0.0509630616522485,True,0.0051255684898675,False,-0.3297932997522979,True,-0.0064779102766205,False,0.0213301037800511,False,0.4132978633898795,True,0.0736565235931093,True,0.2092028476078884,True,0.1363582404601211,True,-0.4140390836169726,True,0.1570566563005801,True,-0.1426512213046791,True,0.123219867580752,True,0.3796457176682939,True,0.1410420867065978,True,0.1951249127437772,True,2,1.2001231969276829,1.1329823853306498,1.267264008524716,False,True
47,310000,1880,1373,1787,0.0628132747867175,0.0473876109404926,0.0010221299684021,0.3903762237380616,0.0641136972085222,0.4277403853486701,0.7544203212043513,381.9242521069322,6.67159131312448,1.3472898283475152,True,0.0593791978549993,False,0.622011008085428,True,-0.0208935531041451,False,-0.8185147516312213,True,-0.0917768301099687,False,0.5580181307359011,True,-0.0288016901405094,False,-0.0667123240882449,False,-0.0447486806288715,False,0.3425447687450316,True,-0.0218728477364562,False,-0.1628654536114948,True,0.0165650299378347,False,-0.4700228707609731,True,-0.0018472911442411,False,0.0552188918773948,True,-0.061409009500471,False,-0.294950141362281,True,-0.0096174730549527,False,0.0725569368718614,True,0.3533967532961682,True,0.1232749091925632,True,0.1822449075674853,True,0.1556789809738386,True,-0.3664487691071877,True,0.1683580213420303,True,-0.1300685650207776,True,0.1026805052227518,True,0.3421163382259343,True,0.1253310943644406,True,0.1773757706821691,True,1,1.2025417631434627,1.136621421360864,1.2684621049260616,False,True
48,310000,1880,1378,1705,0.0648948769612088,0.0399039028212534,0.0006970448225578,0.3366413884995147,0.0656419943659242,0.3662330690680083,0.6149006622680883,482.9551523877548,5.579249573473131,1.4668900686021715,True,-0.0438972404277314,False,0.5931159083942821,True,0.0081713274220926,False,-0.9274341852194432,True,0.1603709598886986,False,0.5335971387038415,True,0.0146404750306655,False,-0.102027611405388,False,-0.0950954913782851,False,0.3187311044174304,True,0.0084611711197666,False,-0.1471651224251676,True,0.0344307760863819,False,-0.4738815658070573,True,0.0092336364291525,False,0.0484760973090687,False,-0.0572210803024179,False,-0.2852378894836583,True,-0.0108144793399695,False,0.0508221392994454,True,0.3716077611783511,True,0.0874300418406942,True,0.1863885919426932,True,0.1484476555552898,True,-0.3995582344901017,True,0.1892231610995256,True,-0.1421663146540614,True,0.1151283877263978,True,0.3174581027764812,True,0.1281596547514241,True,0.1658584064171749,True,1,1.1939608469027947,1.1171653187345798,1.2707563750710096,False,True
49,310000,1880,1319,1631,0.0666298460658498,0.0351901619349601,0.0012359706208077,0.2899127913268589,0.0678326573445154,0.318017743678028,0.5281441277859465,234.5628499950907,4.688268986173529,1.3503541750990269,True,-0.0720825234699599,False,0.558131226608706,True,0.0282243220434566,False,-0.7328134537140374,True,0.0464039823788543,False,0.4960972443760362,True,0.0240393786776266,False,-0.1636800555309151,True,0.0629707717421347,False,0.2933255712300982,True,0.0292202490772048,False,-0.1499425959082061,True,-0.0493808099385626,False,-0.4235060834868251,True,-0.0296277404934165,False,0.0441460658525403,False,-0.0347347843025992,False,-0.2517298428060093,True,-0.0274143364201173,False,0.0826498997216818,True,0.3227472852356732,True,0.1294101967673478,True,0.1891533911382479,True,0.1186942847136441,True,-0.2673540052244482,True,0.1304374625197293,True,-0.0913152433502473,True,0.1279929244447462,True,0.4414386467373191,True,0.1446925517840769,True,0.2252269488288005,True,1,1.160430684741355,1.0751920454701909,1.2456693240125192,False,True
